frst_nm,lst_nm,cmpy,mail,addr,zip,date,nation,cc,price,city,lat/lon,text1,price,month
Serena,Carney,Et Associates,senectus.et.netus@habitantmorbitristique.ca,Ap #746-1629 In Road,46493,09-20-19,Suriname,419,$1286.45,Dolembreux,"-77.3342, -10.57667",tortor nibh sit amet orci. Ut sagittis lobortis mauris. Suspendisse,31940,6
Blake,Fletcher,Fringilla Donec Limited,nec.urna@nunc.co.uk,1292 Vitae Avenue,117297,11-04-20,Switzerland,839,$1740.14,Tiltil,"-10.33524, -8.70299",posuere cubilia Curae; Donec tincidunt. Donec vitae erat vel pede,757528,6
Jennifer,Cox,Suscipit Nonummy Consulting,lorem@velitegetlaoreet.co.uk,Ap #220-6530 Ligula. Street,9979,05-16-21,Andorra,192,$9939.65,Hannut,"64.15855, 79.4872","Aenean egestas hendrerit neque. In ornare sagittis felis. Donec tempor,",787226,8
Giselle,Neal,Odio A Purus Industries,sit.amet@nuncacmattis.co.uk,"P.O. Box 186, 7937 Magnis Road",848944,01-24-21,Nauru,183,$6262.14,Caprino Bergamasco,"29.40255, -45.03859","consequat nec, mollis vitae, posuere at, velit. Cras lorem lorem,",466107,11
Erasmus,Mccarthy,Etiam Associates,ut@vitaeerat.co.uk,3668 Ipsum. Ave,56066,11-27-19,Dominica,295,$8468.94,La Seyne-sur-Mer,"-11.48951, -41.60514","dis parturient montes, nascetur ridiculus mus. Proin vel arcu eu",972963,11
Kaden,Roberts,Dolor Corporation,iaculis.lacus.pede@neque.com,Ap #812-8570 Neque Street,Z1074,10-25-20,Honduras,435,$1517.63,Lusevera,"-45.33143, -157.71497","amet luctus vulputate, nisi sem semper erat, in consectetuer ipsum",770761,9
Malachi,Mullins,Sed Nec Consulting,fermentum.convallis@ac.ca,"P.O. Box 699, 7302 Ullamcorper Street",81880,08-31-20,Malaysia,769,$2512.50,New Quay,"67.42744, -94.1438",nunc sed pede. Cum sociis natoque penatibus et magnis dis,553755,6
Stacy,Kirkland,Vulputate Consulting,et@liberoDonecconsectetuer.edu,341 Vitae St.,EA68 2BW,04-30-21,El Salvador,986,$8232.35,Pitlochry,"-30.3822, -123.90247","vehicula aliquet libero. Integer in magna. Phasellus dolor elit, pellentesque",966254,5
Brady,Mckay,Cras Consulting,facilisis@pede.edu,"P.O. Box 553, 1768 Gravida Street",HU6 8RH,06-21-20,Jersey,167,$7158.49,Carovilli,"-43.9313, 142.32986","auctor odio a purus. Duis elementum, dui quis accumsan convallis,",450981,8
Jerry,Boone,Sed Limited,magna@vitae.com,Ap #991-2531 Dolor Avenue,3820,09-29-20,Niue,543,$9652.60,Christchurch,"-26.96843, 122.50201",fringilla est. Mauris eu turpis. Nulla aliquet. Proin velit. Sed,474878,9
Akeem,Glover,Mauris Consulting,molestie@afelis.edu,"P.O. Box 302, 5622 Ridiculus St.",526216,05-19-20,Russian Federation,416,$2216.20,Idaho Falls,"23.7214, -120.45772","sociis natoque penatibus et magnis dis parturient montes, nascetur ridiculus",803261,4
Gretchen,Mccullough,Arcu Vestibulum Ut PC,purus@dolorsitamet.net,"P.O. Box 203, 665 Lorem. Rd.",WH81 6GA,12-14-19,Slovakia,732,$9932.48,Keith,"-44.47307, -3.75105",Curabitur massa. Vestibulum accumsan neque et nunc. Quisque ornare tortor,69197,10
Quinn,Sharp,Eget Lacus Company,lectus.pede@nullavulputatedui.org,519-1329 Iaculis Road,07022,05-20-21,Djibouti,326,$7831.00,Zapallar,"-36.58738, -54.58203",mauris a nunc. In at pede. Cras vulputate velit eu,280201,3
Hammett,Winters,Curabitur Sed Tortor Foundation,neque@Nuncmauris.org,"Ap #359-1536 Consectetuer, Road",147022,10-06-20,Guinea,743,$4012.13,Recife,"42.26031, 39.53097","eu, placerat eget, venenatis a, magna. Lorem ipsum dolor sit",329628,11
Davis,Hall,Varius Ultrices Mauris Company,sagittis@tempusrisus.net,"Ap #107-9202 Consectetuer, Avenue",995507,07-28-20,Norfolk Island,196,$8350.73,Sant'Eusanio Forconese,"-70.01939, 175.38034",arcu. Sed et libero. Proin mi. Aliquam gravida mauris ut,823344,8
Allen,Gutierrez,Ligula Aenean Ltd,eget@Donec.edu,"Ap #223-5822 A, Ave",18944,10-10-19,Colombia,214,$5752.56,Westkerke,"50.2763, -21.10439","lorem lorem, luctus ut, pellentesque eget, dictum placerat, augue. Sed",874251,9
Aspen,Cooley,Justo Proin Company,tempor.augue@necdiam.org,Ap #724-9067 Lectus St.,1264,09-30-20,Svalbard and Jan Mayen Islands,238,$4657.33,Harrisburg,"32.31537, -74.48354","id, blandit at, nisi. Cum sociis natoque penatibus et magnis",709365,1
Ezra,Collins,Erat Neque PC,dapibus.id.blandit@elitfermentumrisus.ca,"P.O. Box 342, 2965 Euismod Rd.",503104,07-29-20,Dominican Republic,295,$9831.92,Auldearn,"44.23625, 32.1809",malesuada malesuada. Integer id magna et ipsum cursus vestibulum. Mauris,992959,3
Stuart,Lowe,Mollis Vitae Posuere PC,erat.vitae.risus@quisdiam.org,997-9587 Suspendisse Road,98060,04-26-20,Macedonia,498,$1640.84,Long Eaton,"76.59523, 122.73788",at risus. Nunc ac sem ut dolor dapibus gravida. Aliquam,328164,8
Austin,Bradshaw,Dolor Quam Elementum Ltd,cursus@quam.net,"P.O. Box 620, 1522 Ut Street",6513,09-22-19,Ethiopia,257,$7291.58,Tucson,"-37.57884, 128.66748","pede. Suspendisse dui. Fusce diam nunc, ullamcorper eu, euismod ac,",212775,6
Isaiah,Howe,Sed LLC,nec.orci.Donec@primis.com,Ap #908-9488 Aliquam Ave,674705,02-22-20,Bahrain,183,$4184.37,Salzwedel,"-27.11729, -119.01321","urna, nec luctus felis purus ac tellus. Suspendisse sed dolor.",901589,3
Ina,Hancock,Sed Incorporated,vulputate.eu@dapibus.edu,715-854 Convallis Rd.,334665,12-03-19,Chile,347,$4561.81,Guwahati,"-0.12692, 171.10562","ultrices, mauris ipsum porta elit, a feugiat tellus lorem eu",92804,2
Patricia,Thomas,Eget Corporation,iaculis.enim.sit@a.ca,Ap #440-8116 Integer Av.,994172,10-16-20,"Virgin Islands, British",910,$4641.03,Sint-Denijs-Westrem,"-70.26009, -23.47553","dui lectus rutrum urna, nec luctus felis purus ac tellus.",909512,7
Lenore,Nielsen,Non Lacinia At Company,eu.erat@ipsumSuspendissesagittis.co.uk,941-1017 Phasellus Avenue,52443,05-14-21,Djibouti,131,$5188.08,Panjim,"-63.09871, 92.85862",Cras eget nisi dictum augue malesuada malesuada. Integer id magna,549111,8
Irene,Todd,Sit LLC,ac.urna@maurisrhoncus.org,Ap #649-896 Placerat. Rd.,07106,01-30-20,Zambia,249,$1491.98,Wageningen,"43.93018, -77.35042",ac urna. Ut tincidunt vehicula risus. Nulla eget metus eu,690918,6
Silas,Hobbs,Luctus Ipsum Leo Foundation,Quisque.ac.libero@ipsum.net,"P.O. Box 881, 5296 Augue, Ave",19402,10-05-19,Netherlands,535,$5164.72,Berlin,"-72.73966, -56.57632",erat vel pede blandit congue. In scelerisque scelerisque dui. Suspendisse,344291,3
Jacob,Nolan,Amet Massa Quisque Industries,tellus.faucibus@loremDonecelementum.com,4853 Lobortis Rd.,Z9066,09-27-20,Andorra,585,$3346.35,Rigolet,"-81.92407, -0.95186","ullamcorper. Duis cursus, diam at pretium aliquet, metus urna convallis",630302,10
Cassidy,Drake,Eu LLP,Quisque.nonummy@luctussit.edu,859-6095 Quisque Ave,970237,03-28-21,Dominica,633,$4231.94,Rhemes-Saint-Georges,"-16.42408, -115.27892","iaculis enim, sit amet ornare lectus justo eu arcu. Morbi",974791,10
Laurel,Rose,Aliquet Sem LLC,id.ante.Nunc@turpis.com,"904-5947 Consectetuer, Avenue",751055,04-14-20,Rwanda,578,$3818.09,Lanark County,"-30.6955, 104.52905","sed pede nec ante blandit viverra. Donec tempus, lorem fringilla",334612,3
Nasim,Leonard,Et Company,scelerisque@pellentesque.net,8561 Nec Av.,64913,05-03-20,Curaçao,766,$5879.11,Kotamobagu,"-37.82299, -104.74039","sodales nisi magna sed dui. Fusce aliquam, enim nec tempus",488088,1
Cyrus,Fitzpatrick,Sagittis Duis Consulting,ac@consequatnec.edu,"405-9333 A, Street",62030-87408,02-18-20,Guadeloupe,416,$9943.56,Ereğli,"65.99499, 148.60475","ultricies ornare, elit elit fermentum risus, at fringilla purus mauris",904733,6
Lewis,Ochoa,Elementum At Egestas Limited,non@pretiumnequeMorbi.ca,8983 Primis Road,645799,07-05-19,Comoros,520,$2149.65,Bionaz,"78.75687, -55.39065",ultricies dignissim lacus. Aliquam rutrum lorem ac risus. Morbi metus.,975694,7
Trevor,Moran,Ridiculus Company,pellentesque.Sed.dictum@Namnulla.edu,Ap #603-8310 Adipiscing. Rd.,E2G 4Z9,03-21-21,Burundi,263,$1651.00,Poucet,"-25.8329, 118.73646",non nisi. Aenean eget metus. In nec orci. Donec nibh.,97001,6
Abraham,Salinas,Erat In Incorporated,aliquet@egetvariusultrices.org,"P.O. Box 984, 7363 Sit Street",40811,05-05-21,Rwanda,958,$2915.37,Nuremberg,"-51.62102, -143.70864","non, feugiat nec, diam. Duis mi enim, condimentum eget, volutpat",275386,6
Keely,Jimenez,Id Libero Foundation,arcu.Vestibulum@primisinfaucibus.co.uk,517 Torquent Avenue,63056,03-12-21,South Africa,247,$1243.51,Mapiripana,"-24.26217, 43.4434","quis massa. Mauris vestibulum, neque sed dictum eleifend, nunc risus",673153,11
Russell,Carey,Ante Ipsum Primis Corporation,posuere@eleifendCrassed.net,"5598 Tempor, Rd.",Z0734,10-23-20,Uganda,792,$1308.66,Serramonacesca,"-70.68925, 161.37841","Sed nunc est, mollis non, cursus non, egestas a, dui.",309134,3
Uriel,May,Hendrerit PC,massa@leoinlobortis.net,"P.O. Box 756, 9262 Rutrum Ave",536427,10-30-19,Guinea-Bissau,896,$7324.30,Enna,"39.40812, 99.19975",varius. Nam porttitor scelerisque neque. Nullam nisl. Maecenas malesuada fringilla,957196,7
Germaine,Osborne,Vestibulum Ante Ipsum PC,posuere.cubilia.Curae@Donec.ca,Ap #141-8875 Fermentum St.,617197,07-21-19,Reunion,301,$2043.02,Bischofshofen,"-36.27917, -44.71768","dui, in sodales elit erat vitae risus. Duis a mi",335963,8
Baxter,Lopez,Nunc Ac Incorporated,vitae@semperrutrumFusce.net,2770 Sed Street,B0W 3B3,03-29-20,Vanuatu,930,$2605.60,Cerreto di Spoleto,"-87.40681, -16.44078",Mauris ut quam vel sapien imperdiet ornare. In faucibus. Morbi,972799,9
Berk,Vasquez,Pede Praesent Eu Incorporated,ut.dolor.dapibus@Nullamut.edu,123 Quisque Rd.,23685-946,12-13-20,Algeria,187,$9907.23,Jundiaí,"74.50003, 108.97158","egestas hendrerit neque. In ornare sagittis felis. Donec tempor, est",375257,10
Samuel,Soto,A Purus LLP,nec.ante.Maecenas@acmetusvitae.edu,894-5125 Dolor. Road,62982,01-05-20,Bermuda,519,$5823.06,Lint,"-67.56463, 96.48723","ornare, lectus ante dictum mi, ac mattis velit justo nec",81014,6
Diana,Mccarty,Orci Donec Incorporated,velit.egestas.lacinia@duilectusrutrum.net,Ap #161-3085 Sed Street,23875,01-28-21,Grenada,135,$2131.44,Futaleufú,"58.9898, 68.12583","dapibus gravida. Aliquam tincidunt, nunc ac mattis ornare, lectus ante",543781,6
Lisandra,Grant,Nisi Company,Sed.eu.nibh@acmieleifend.co.uk,Ap #288-7625 In St.,591412,11-30-19,Bolivia,477,$3675.77,Codigoro,"-79.99246, -78.07149",eu elit. Nulla facilisi. Sed neque. Sed eget lacus. Mauris,251292,7
Vanna,Heath,Laoreet LLC,lectus.quis@atnisiCum.ca,"P.O. Box 210, 4182 Cum Rd.",578001,07-07-20,Mauritania,456,$5201.98,Bello,"-68.92595, -160.30237","Phasellus dolor elit, pellentesque a, facilisis non, bibendum sed, est.",391579,11
Montana,Cervantes,Neque LLP,Ut.semper@odio.ca,"P.O. Box 469, 5945 Felis. Rd.",522722,03-03-21,Georgia,426,$8592.92,Colchester,"69.0452, -9.71731","varius orci, in consequat enim diam vel arcu. Curabitur ut",835000,3
Lacey,Wynn,Sed Industries,Curabitur.consequat.lectus@loremvitaeodio.edu,"P.O. Box 997, 3552 Proin Rd.",890859,09-30-19,Colombia,910,$6963.80,Hull,"11.34348, 156.32158",tortor nibh sit amet orci. Ut sagittis lobortis mauris. Suspendisse,734421,9
Cailin,Davidson,Felis Company,mi.fringilla.mi@senectus.net,113-1688 Mus. St.,1186,03-26-21,Ghana,292,$1750.81,Carnoustie,"-0.25576, 54.3646","ipsum porta elit, a feugiat tellus lorem eu metus. In",593801,6
Palmer,Cantu,Risus Ltd,quis.urna@eudolor.ca,Ap #846-8641 Dui St.,94350,06-27-20,Sierra Leone,363,$6628.52,Köln,"-37.3354, 1.70795","gravida. Aliquam tincidunt, nunc ac mattis ornare, lectus ante dictum",213340,7
Ainsley,Ward,Sed Pede Industries,Etiam.vestibulum.massa@mollis.edu,907-1139 Sed Ave,A0R 0V1,09-04-20,Lesotho,479,$7071.06,Beerzel,"-67.65473, -59.87626","feugiat non, lobortis quis, pede. Suspendisse dui. Fusce diam nunc,",164675,9
Hiram,Knight,Urna Ut Ltd,Aliquam.auctor@feugiattelluslorem.co.uk,Ap #893-5383 Elit. Street,087150,07-19-20,Colombia,204,$1048.41,Bellante,"-54.42119, -38.31182","imperdiet nec, leo. Morbi neque tellus, imperdiet non, vestibulum nec,",572474,7
Norman,Horne,Orci Luctus Et Incorporated,In@Nuncullamcorpervelit.ca,Ap #388-8804 Ullamcorper. Avenue,9320,12-14-20,Wallis and Futuna,413,$4454.33,İskenderun,"-3.61635, -6.57687",primis in faucibus orci luctus et ultrices posuere cubilia Curae;,447217,5
Asher,Odom,Sociosqu Ad LLP,vitae.posuere.at@Quisque.net,"P.O. Box 498, 9317 Faucibus Avenue",7815,04-03-21,Nauru,781,$1458.79,Prè-Saint-Didier,"73.87224, -165.5517","et, magna. Praesent interdum ligula eu enim. Etiam imperdiet dictum",346837,10
Summer,Peck,Dolor Incorporated,non.sapien@ipsumSuspendisse.co.uk,9034 Egestas. St.,64802,05-09-20,Cambodia,523,$6706.97,Aydın,"-65.18701, 30.04965",fermentum arcu. Vestibulum ante ipsum primis in faucibus orci luctus,137102,3
Emily,Blair,Tellus Non PC,odio.a@dui.co.uk,Ap #422-6382 Sed Ave,346226,10-25-19,Uruguay,111,$9139.53,Chonchi,"-32.4059, -146.98679",vitae erat vel pede blandit congue. In scelerisque scelerisque dui.,396844,3
Boris,Hooper,Iaculis Quis Limited,ligula.eu.enim@pretium.co.uk,9303 Diam Rd.,45676-591,12-09-20,Guadeloupe,933,$4862.62,Bloomington,"48.7585, -55.0706",amet lorem semper auctor. Mauris vel turpis. Aliquam adipiscing lobortis,14182,6
Gil,Perkins,Lorem Ipsum Sodales Foundation,magna.Sed@euaugueporttitor.co.uk,7071 Eu St.,92967,12-11-20,Chile,535,$6733.76,Zona Bananera,"54.52826, -137.86246","auctor, nunc nulla vulputate dui, nec tempus mauris erat eget",958795,8
Maxwell,Moran,Duis Cursus Diam Associates,magna@magnased.co.uk,192-826 Non Av.,9453,11-03-20,Antigua and Barbuda,522,$4471.32,Serskamp,"26.74738, -2.72079",lacus. Mauris non dui nec urna suscipit nonummy. Fusce fermentum,18543,10
Channing,Beck,Duis Sit Institute,lorem@augue.com,2636 Lacus. Rd.,Z9240,10-23-20,Mauritius,423,$6435.43,Scarborough,"-30.14806, 35.17829","Duis at lacus. Quisque purus sapien, gravida non, sollicitudin a,",353468,10
Hayley,Hughes,Ligula Elit Pretium Limited,dolor.vitae@enim.ca,"P.O. Box 164, 8258 Nec, St.",Q3 2LW,03-17-20,Kiribati,794,$7811.89,Bellefontaine,"24.90641, -42.44999","lobortis quis, pede. Suspendisse dui. Fusce diam nunc, ullamcorper eu,",722501,6
Norman,Mack,Nec Inc.,diam.Proin.dolor@sagittisplaceratCras.org,160-6825 Aliquam Avenue,29340,02-10-21,South Africa,270,$7266.08,Bergen op Zoom,"30.76889, 91.36253",tempor arcu. Vestibulum ut eros non enim commodo hendrerit. Donec,609295,12
Kessie,Joseph,Libero Et LLP,fermentum@a.net,4453 Orci. Street,51719,01-31-21,Holy See (Vatican City State),820,$4457.00,Melazzo,"76.44004, -94.98994",tincidunt congue turpis. In condimentum. Donec at arcu. Vestibulum ante,441798,9
Cecilia,Cameron,Velit Industries,tincidunt.pede@etmagnis.co.uk,"362-1486 Amet, St.",75602,03-21-20,Puerto Rico,523,$6716.98,Groenlo,"-42.66039, -121.48251",fermentum fermentum arcu. Vestibulum ante ipsum primis in faucibus orci,467525,9
Phoebe,Jennings,Augue Malesuada Malesuada Foundation,libero.Proin@egestasnunc.ca,8612 Facilisis St.,115936,04-11-21,Sri Lanka,917,$9907.42,Sant'Angelo Limosano,"-29.16122, -79.96834",interdum feugiat. Sed nec metus facilisis lorem tristique aliquet. Phasellus,682045,3
Paki,Grant,Senectus Limited,Duis@laciniaSedcongue.ca,"P.O. Box 149, 3866 Neque. Av.",850247,01-25-21,Poland,535,$8652.94,Bangalore,"-22.73038, 155.34714",sit amet ante. Vivamus non lorem vitae odio sagittis semper.,323563,2
Olga,Blankenship,Faucibus Inc.,eu@vehicula.org,Ap #971-7441 Suspendisse St.,17671,05-22-21,Bhutan,885,$5391.23,Sint-Amandsberg,"-4.75147, -52.29525","lacus vestibulum lorem, sit amet ultricies sem magna nec quam.",162997,1
Yardley,Anthony,Amet Lorem Company,Nam.ligula.elit@NuncmaurisMorbi.com,6799 Etiam Av.,11652,02-08-20,Bolivia,521,$1025.10,Filadelfia,"49.74596, -103.04203","convallis ligula. Donec luctus aliquet odio. Etiam ligula tortor, dictum",147460,12
Palmer,Berry,Arcu Sed Corp.,lectus@tellusSuspendisse.ca,Ap #834-227 Mattis. St.,25401,07-20-20,Croatia,341,$7074.36,Portico e San Benedetto,"82.71299, -121.17211","Lorem ipsum dolor sit amet, consectetuer adipiscing elit. Etiam laoreet,",924312,9
Stella,Middleton,Quisque Foundation,magna.Ut@nequenon.org,591-3791 Iaculis St.,2778,06-01-20,Bhutan,620,$8080.74,Quilpué,"-5.25888, 22.63238",facilisi. Sed neque. Sed eget lacus. Mauris non dui nec,67497,11
Lisandra,Allison,In Felis Nulla LLC,ipsum.nunc@feugiat.net,361-3625 Leo. St.,5938,05-14-20,Jamaica,791,$1679.50,Oordegem,"3.17115, -124.759","Maecenas mi felis, adipiscing fringilla, porttitor vulputate, posuere vulputate, lacus.",326116,11
Reed,Witt,Amet Diam Institute,nisi.magna@Donecporttitortellus.org,"P.O. Box 180, 8460 Purus. St.",46534,02-23-20,Kiribati,490,$4724.38,Adria,"48.96154, 134.42023","sed pede nec ante blandit viverra. Donec tempus, lorem fringilla",62880,10
Inez,Joyner,Donec Porttitor Tellus Industries,Nulla.facilisis@sodaleselit.com,"9444 Elit, St.",28191,05-25-21,Svalbard and Jan Mayen Islands,795,$1092.16,Blind River,"59.90442, -59.8626",Donec feugiat metus sit amet ante. Vivamus non lorem vitae,115400,5
Cameran,Kramer,Montes Nascetur Associates,non.justo@eu.com,Ap #151-6784 Proin Road,104768,05-11-21,Uruguay,426,$6784.04,Cambiago,"-1.08841, 108.86659","laoreet posuere, enim nisl elementum purus, accumsan interdum libero dui",570927,1
Emily,Guy,Lorem Institute,dolor@penatibusetmagnis.org,"P.O. Box 317, 7445 Eu Road",31188,01-11-21,South Georgia and The South Sandwich Islands,604,$9341.57,New Sarepta,"10.20847, 45.97044","est, mollis non, cursus non, egestas a, dui. Cras pellentesque.",936852,8
Yasir,Valdez,Nec Enim Nunc Industries,et@id.edu,5846 Molestie Av.,31-223,07-18-19,Faroe Islands,407,$3917.79,Wörgl,"-86.86699, -82.10091","lorem, sit amet ultricies sem magna nec quam. Curabitur vel",101706,11
Whilemina,George,Ac LLC,Nullam@elitelitfermentum.com,"P.O. Box 230, 261 Neque. St.",51856,11-24-20,Austria,295,$5147.84,Hartford,"26.15542, 157.4467","iaculis nec, eleifend non, dapibus rutrum, justo. Praesent luctus. Curabitur",840985,8
Brody,Daniels,Vestibulum Limited,sed.pede@vitaenibhDonec.edu,902-1296 Faucibus Ave,150101,09-19-19,Central African Republic,806,$4193.99,Connah's Quay,"-0.17689, 112.3993","Maecenas mi felis, adipiscing fringilla, porttitor vulputate, posuere vulputate, lacus.",979083,4
Kalia,Dunlap,Sit Amet Faucibus Consulting,et.netus.et@Classaptent.ca,Ap #111-3683 Augue Street,88073,09-25-20,Latvia,770,$7125.05,Melton,"-0.3009, 127.21843","quis massa. Mauris vestibulum, neque sed dictum eleifend, nunc risus",452602,7
Guinevere,Greer,Ipsum Non LLP,fringilla.Donec.feugiat@odioEtiam.net,961-2808 Fermentum Rd.,41501,02-18-20,Saudi Arabia,476,$2336.79,Lipetsk,"69.31279, -128.34531","facilisis non, bibendum sed, est. Nunc laoreet lectus quis massa.",31225,3
Eric,Oneil,Sit LLP,auctor.quis.tristique@ante.net,874-685 Proin St.,Z9323,09-05-20,Antarctica,259,$9579.73,Warwick,"86.12705, -126.90825",nisl. Nulla eu neque pellentesque massa lobortis ultrices. Vivamus rhoncus.,469987,12
Harding,Fulton,Dapibus Company,cursus.non@Cras.edu,"P.O. Box 892, 9041 Sociis Ave",NA3E 4JY,11-27-19,Spain,646,$1841.51,Caplan,"13.35102, 170.06737","hendrerit neque. In ornare sagittis felis. Donec tempor, est ac",21783,5
Cody,Campbell,Penatibus Et Magnis PC,Quisque@ullamcorperDuis.org,"P.O. Box 723, 9550 Vivamus Av.",26681,03-29-20,Costa Rica,964,$1648.92,Pozzuolo del Friuli,"-52.31077, -140.76023",semper pretium neque. Morbi quis urna. Nunc quis arcu vel,976025,10
Rhona,Waters,Pede Suspendisse Dui Associates,mauris.id.sapien@lectus.ca,"872-2843 Orci, Av.",J5Y 3P4,09-18-20,Nicaragua,772,$9081.19,Odintsovo,"-45.14483, -103.60294","dolor sit amet, consectetuer adipiscing elit. Aliquam auctor, velit eget",372824,5
Seth,Mcconnell,Vitae Mauris Sit Inc.,nunc.risus@arcu.com,5209 Arcu Ave,J5J 9G7,08-03-20,Thailand,898,$6903.27,Marcq-en-Baroeul,"-67.20026, 29.48218","eget, venenatis a, magna. Lorem ipsum dolor sit amet, consectetuer",59685,11
Mia,Barnes,Enim Non LLP,mauris.Integer@convallisante.edu,Ap #524-2068 Lectus St.,Z1430,09-05-19,Sudan,583,$6553.90,Fontecchio,"48.93791, -175.445","purus ac tellus. Suspendisse sed dolor. Fusce mi lorem, vehicula",495454,3
Mikayla,Sweeney,A Institute,eget.ipsum.Suspendisse@Proinvelnisl.co.uk,"P.O. Box 295, 6831 Nulla Ave",2508,02-28-21,Morocco,298,$6892.50,Habra,"32.38611, -100.89347","nec tempus scelerisque, lorem ipsum sodales purus, in molestie tortor",648723,5
Aubrey,Potter,Etiam Gravida Limited,blandit@at.ca,Ap #768-9269 Primis Av.,Z3264,03-31-20,United Kingdom (Great Britain),818,$5049.31,Whitby,"10.84929, 154.65559","tristique ac, eleifend vitae, erat. Vivamus nisi. Mauris nulla. Integer",421127,8
Mara,Noble,Pretium Neque Morbi Corporation,fringilla.mi@tellus.org,"P.O. Box 669, 6975 Parturient Rd.",944264,01-11-21,Guyana,282,$9164.60,Kacchi,"-0.11546, -132.17231","dui. Cum sociis natoque penatibus et magnis dis parturient montes,",326996,6
Micah,Keller,Class Aptent Taciti Consulting,a.nunc.In@Aeneanegestashendrerit.edu,"P.O. Box 121, 8101 Adipiscing Street",52900,11-19-20,"Virgin Islands, British",483,$1853.54,Beawar,"70.62427, -18.66094",erat. Vivamus nisi. Mauris nulla. Integer urna. Vivamus molestie dapibus,789481,4
Kalia,Conway,Leo Elementum Sem Industries,ipsum.primis@idliberoDonec.net,"P.O. Box 730, 3873 Cras Avenue",82-474,09-04-19,Brazil,619,$3544.37,Pierrefonds,"-29.85058, 93.68322",accumsan neque et nunc. Quisque ornare tortor at risus. Nunc,730302,5
Venus,Pennington,Lectus Ltd,at.pede.Cras@vitae.ca,"P.O. Box 284, 5910 Nibh Av.",48386,11-12-20,Guinea-Bissau,493,$1505.84,Forst,"56.68164, -132.62579",pede blandit congue. In scelerisque scelerisque dui. Suspendisse ac metus,609949,8
Hayley,Bond,Diam Proin Company,urna@necligulaconsectetuer.edu,Ap #278-2934 Est. Street,2732,04-07-20,American Samoa,425,$8574.05,Gonda,"75.04599, 17.78436","lectus. Cum sociis natoque penatibus et magnis dis parturient montes,",812471,5
Brooke,Hatfield,Pede Blandit Institute,lobortis.Class@convalliserateget.org,"P.O. Box 467, 4862 Hendrerit St.",Z0311,07-04-20,Japan,372,$1133.95,Stewart,"-84.65138, -83.99799","pede, nonummy ut, molestie in, tempus eu, ligula. Aenean euismod",764468,7
Elvis,Olsen,Ornare Fusce Mollis Limited,enim@hendrerit.com,828-4444 Eleifend Rd.,20088,04-21-21,Norfolk Island,765,$1939.85,Val Rezzo,"61.45319, 93.52492",ridiculus mus. Aenean eget magna. Suspendisse tristique neque venenatis lacus.,654566,2
Murphy,Griffin,Lectus Sit Amet Institute,Mauris.vestibulum@sociis.org,Ap #859-5358 Nulla Avenue,938760,10-25-20,Gambia,716,$6388.67,Rodez,"-39.47543, 53.39903",vulputate ullamcorper magna. Sed eu eros. Nam consequat dolor vitae,922793,3
Jackson,Hill,Pellentesque Massa Lobortis Industries,nascetur@arcuimperdietullamcorper.ca,"808-8436 Quis, Ave",Z2468,08-13-20,New Caledonia,348,$4104.05,Svitino,"-59.34598, -117.16103","egestas. Aliquam nec enim. Nunc ut erat. Sed nunc est,",432070,9
Reed,Rodgers,Adipiscing Industries,purus.mauris.a@Intincidunt.org,"P.O. Box 657, 7707 Orci. Ave",61810,09-09-20,Chile,442,$7481.70,Bouwel,"-60.2955, -150.58372","mi. Aliquam gravida mauris ut mi. Duis risus odio, auctor",198541,7
Evelyn,Logan,Cras Corp.,orci@nonsapien.co.uk,7665 Scelerisque St.,42841,04-22-21,Togo,968,$1958.76,Sens,"-3.98978, 170.81331",semper auctor. Mauris vel turpis. Aliquam adipiscing lobortis risus. In,770229,4
Elaine,Gentry,Dui Nec LLC,tristique@egestasFuscealiquet.co.uk,324 Nec Avenue,84231,12-10-20,India,651,$6682.83,La Valle/Wengen,"56.20266, 15.41573",Aliquam nisl. Nulla eu neque pellentesque massa lobortis ultrices. Vivamus,165461,8
Dillon,Harper,Vel Corporation,morbi.tristique@et.org,1532 Lobortis Av.,85379,03-15-21,Sao Tome and Principe,644,$3863.90,Acacías,"-45.83928, 11.41792","Nulla facilisis. Suspendisse commodo tincidunt nibh. Phasellus nulla. Integer vulputate,",421777,1
Alyssa,Stephens,Iaculis Industries,Nunc.ac.sem@Praesenteu.edu,"P.O. Box 921, 670 Ligula. St.",66458,06-06-21,Niger,845,$8705.96,Puente Alto,"6.64345, 33.56252",turpis vitae purus gravida sagittis. Duis gravida. Praesent eu nulla,193068,11